<theme>
    <formatVersion>3</formatVersion>
    <include>./../tv.xml</include>

	<view name="system">
	
	<image name="Border" extra="true">
		<tile>false</tile>
		<pos>0.642 0.645</pos>
		<origin>0.642 0.645</origin>
		<size>0.1799 0.177</size>
		<path>./art/virtualboy.png</path>
	</image>
	
		<image name="logo">
			<path>./art/virtualboy.svg</path>
        </image>
		
	</view>

	<view name="basic, detailed, video">
	
		<text name="system_name_1" extra="true">
			<text></text>
			<size>0.45 0.06</size>
			<pos>0.527 0</pos>
			<color>d7d7d7</color>
			<fontPath>./../art/invisible.ttf</fontPath>
			<fontSize>0.030</fontSize>
			<alignment>right</alignment>
		</text>
			
		<image name="logo">
			<path>./art/clean_virtualboy.svg.png</path>
			<pos>0.646 0.016</pos>
			<size>0.3791 0.15</size>

		</image>
		
	</view>
	<view name="basic">
	
	</view>

	<view name="detailed">

	</view>
	
</theme>