<theme>
	<listPrimaryColor>EEEEEE</listPrimaryColor>
	<descColor>000000</descColor>
	<listSelectorColor>FF6600</listSelectorColor>
	<hideHeader />
	<hideDividers />
	<listLeftAlign />

	<gameImagePos>$infoWidth/2 0.225</gameImagePos>

	<component>
		<type>image</type>
		<path>./pcengine_art/pcengine_bg_orange_stripes.png</path>
		<pos>0 0</pos>
		<dim>0.5 1</dim>
		<origin>0 0</origin>
		<tiled />
	</component>

	<component>
		<type>image</type>
		<path>./pcengine_art/pcengine_top_bg.png</path>
		<pos>0 0</pos>
		<dim>0.5 0</dim>
		<origin>0 0</origin>
	</component>

	<component>
		<type>image</type>
		<path>./pcengine_art/pcengine_bg_cross.png</path>
		<pos>0.5 0</pos>
		<dim>0.5 1</dim>
		<origin>0 0</origin>
		<tiled />
	</component>

	<component>
		<type>image</type>
		<path>./pcengine_art/divider.png</path>
		<pos>.5 .5</pos>
		<dim>.01 1</dim>
		<origin>.5 .5</origin>
	</component>
</theme>

<basicTheme>
	<listPrimaryColor>EEEEEE</listPrimaryColor>
	<listSelectorColor>BC241A</listSelectorColor>
	<hideHeader />

	<component>
		<type>image</type>
		<path>./pcengine_art/pcengine_bg_cross.png</path>
		<pos>0 0</pos>
		<dim>1 1</dim>
		<tiled />
	</component>

	<component>
		<type>image</type>
		<path>./pcengine_art/pcengine_top_bg.png</path>
		<pos>0.5 0</pos>
		<dim>0 0.225</dim>
		<origin>0.5 0</origin>
	</component>
</basicTheme>
