<theme>
	<listPrimaryColor>FFFFFF</listPrimaryColor>
	<descColor>FFFFFF</descColor>
	<listSelectorColor>000000</listSelectorColor>
	<hideHeader />
	<hideDividers />
	<listLeftAlign />

	<gameImagePos>$infoWidth/2 0.14</gameImagePos>

        <component>
                <type>image</type>
                <path>./ngpc_art/ngpc_bg.jpg</path>
                <pos>0 0</pos>
                <dim>1 1</dim>
		<origin>0 0</origin>
		<tiled />
        </component>

        <component>
                <type>image</type>
                <path>./ngpc_art/ngpc_logo.png</path>
                <pos>.25 0</pos>
                <dim>.45 0</dim>
		<origin>.5 0</origin>
		<useAlpha />
        </component>

</theme>

<basicTheme>
	<listPrimaryColor>FFFFFF</listPrimaryColor>
	<listSelectorColor>000000</listSelectorColor>
	<hideHeader />

	<component>
		<type>image</type>
		<path>./ngpc_art/ngpc_bg.jpg</path>
		<pos>0 0</pos>
		<dim>1 1</dim>
		<tiled />
	</component>

	<component>
		<type>image</type>
		<path>./ngpc_art/ngpc_logo.png</path>
		<pos>0.5 0</pos>
		<dim>0 0.15</dim>
		<origin>0.5 0</origin>
	</component>
</basicTheme>
