<theme>
    <formatVersion>4</formatVersion>
    <include>./../simple.xml</include>

	<view name="system">
		<sound name="bgsound">
			<path>./sounds/system.ogg</path>
		</sound>
		<image name="background" extra="true">
			<path>./art/retropie_art_blur.png</path>
		</image>

		<image name="logo">
			<path>./art/retropie.svg</path>
        </image>
		
		<helpsystem name="help">
			<textColor>ffffff88</textColor>
			<iconColor>ffffff88</iconColor>
		</helpsystem>
		
	</view>

	<view name="basic, detailed">
		<image name="background">
			<path>./art/retropie_art_blur.png</path>
		</image>

		<text name="system_name_1" extra="true">
			<text>RetroPie</text>
			<forceUppercase>1</forceUppercase>
			<size>0.45 0.08</size>
			<pos>0.527 0.01</pos>
			<color>7b7d7f</color>
			<fontPath>./../art/OPENSANS-LIGHT.TTF</fontPath>
			<fontSize>0.055</fontSize>
			<alignment>right</alignment>
		</text>
		
		<text name="system_name_2" extra="true">
			<text>Settings</text>
			<forceUppercase>1</forceUppercase>
			<size>0.45 0.08</size>
			<pos>0.527 0.07</pos>
			<color>7b7d7f</color>
			<fontPath>./../art/OPENSANS-LIGHT.TTF</fontPath>
			<fontSize>0.055</fontSize>
			<alignment>right</alignment>
		</text>

		<image name="logo">
			<path>./art/retropie.svg</path>
			<pos>0.025 0.079</pos>
			<maxSize>0.5 0.1</maxSize>
			<origin>0 0.5</origin>
		</image>

	</view>

	<view name="basic">
	
		<textlist name="gamelist">
			<pos>0.025 0.22</pos>
			<size>0.950 0.68</size>
			<alignment>center</alignment>
			<horizontalMargin>0.01</horizontalMargin>
		</textlist>
		
	</view>

	<view name="detailed">
	
<!-- <measuring rectangle
		<image name="measure" extra="true">
			<pos>0.025 0.6</pos>
			<origin>0 0</origin>
			<size>0.19 0.301</size>
			<path>./../art/white.png</path>
			<color>ff00ff</color>
		</image> 
 -->

		<image name="md_image">
			<pos>0.025 0.22</pos>
			<maxSize>0.68 0.68</maxSize>
			<origin>0 0</origin>
		</image>
		
		<textlist name="gamelist">
			<pos>0.615 0.22</pos>
			<size>0.359 0.68</size>
			<alignment>left</alignment>
			<horizontalMargin>0.01</horizontalMargin>
		</textlist>

	</view>
	
</theme>