<theme>
	<listPrimaryColor>DDDDDD</listPrimaryColor>
	<descColor>DDDDDD</descColor>
	<listSelectorColor>967D46</listSelectorColor>
	<hideHeader />
	<hideDividers />
	<listLeftAlign />

	<gameImagePos>$infoWidth/2 0.2</gameImagePos>

        <component>
                <type>image</type>
                <path>./neogeo_art/neogeo_bg.jpg</path>
                <pos>0 0</pos>
                <dim>1 1</dim>
		<origin>0 0</origin>
		<tiled />
        </component>

        <component>
                <type>image</type>
                <path>./neogeo_art/neogeo_logo.png</path>
                <pos>.25 0</pos>
                <dim>0 .18</dim>
		<origin>.5 0</origin>
		<useAlpha />
        </component>

</theme>

<basicTheme>
	<listPrimaryColor>DDDDDD</listPrimaryColor>
	<listSelectorColor>967D46</listSelectorColor>
	<hideHeader />

	<component>
		<type>image</type>
		<path>./neogeo_art/neogeo_bg.jpg</path>
		<pos>0 0</pos>
		<dim>1 1</dim>
		<tiled />
	</component>

	<component>
		<type>image</type>
		<path>./neogeo_art/neogeo_logo_basic.png</path>
		<pos>0.5 0</pos>
		<dim>0 0.15</dim>
		<origin>0.5 0</origin>
	</component>
</basicTheme>
