<theme>
	<listPrimaryColor>EEEEEE</listPrimaryColor>
	<descColor>000000</descColor>
	<listSelectorColor>BC241A</listSelectorColor>
	<hideHeader />
	<hideDividers />
	<listLeftAlign />

	<gameImagePos>$infoWidth/2 0.225</gameImagePos>

        <component>
                <type>image</type>
                <path>./genesis_art/genesis_bg_red_stripes.png</path>
                <pos>0 0</pos>
                <dim>0.5 1</dim>
		<origin>0 0</origin>
		<tiled />
        </component>

	<component>
		<type>image</type>
		<path>./genesis_art/genesis_top_bg.png</path>
		<pos>0 0</pos>
		<dim>0.5 0</dim>
		<origin>0 0</origin>
	</component>

	<component>
		<type>image</type>
		<path>./genesis_art/genesis_logo.png</path>
		<pos>0 0</pos>
		<dim>0.37 0</dim>
		<origin>0 0</origin>
	</component>

	<component>
		<type>image</type>
		<path>./genesis_art/genesis_bg_dark_stripes.png</path>
		<pos>0.5 0</pos>
		<dim>0.5 1</dim>
		<origin>0 0</origin>
		<tiled />
	</component>

        <component>
                <type>image</type>
                <path>./genesis_art/divider.png</path>
                <pos>.5 .5</pos>
                <dim>.01 1</dim>
		<origin>.5 .5</origin>
		<useAlpha />
        </component>
</theme>

<basicTheme>
	<listPrimaryColor>EEEEEE</listPrimaryColor>
	<listSelectorColor>BC241A</listSelectorColor>
	<hideHeader />

	<component>
		<type>image</type>
		<path>./genesis_art/genesis_bg_dark_stripes.png</path>
		<pos>0 0</pos>
		<dim>1 1</dim>
		<tiled />
	</component>

	<component>
		<type>image</type>
		<path>./genesis_art/genesis_logo.png</path>
		<pos>0.5 0</pos>
		<dim>0 0.145</dim>
		<origin>0.5 0</origin>
	</component>
</basicTheme>
