<theme>
    <formatVersion>3</formatVersion>
    <include>./../space.xml</include>

	<view name="system">

		<image name="logo">
			<path>./art/ami.svg</path>
        </image>
		
		<helpsystem name="help">
			<textColor>000000</textColor>
			<iconColor>000000</iconColor>
		</helpsystem>
		
	</view>

	<view name="basic, detailed, video">
	
		<text name="system_name_1" extra="true">
			<text>[uae4all2]</text>
			<size>0.45 0.06</size>
			<pos>0.527 0</pos>
			<color>d7d7d7</color>
			<fontPath>./../art/invisible.ttf</fontPath>
			<fontSize>0.030</fontSize>
			<alignment>right</alignment>
		</text>
	</view>
		<image name="logo">
			<path>./art/amiga_sub.svg.png</path>
			<pos>0.0605 0.152</pos>
			<size>0.3791 0.15</size>
			<origin>0 0.5</origin>
		</image>
		
	</view>

	<view name="basic">
	
		<textlist name="gamelist">
			<pos>0.025 0.22</pos>
			<size>0.951 0.69</size>
			<alignment>center</alignment>
			<horizontalMargin>0.01</horizontalMargin>
		</textlist>
		
	</view>

	<view name="detailed">

	</view>
	
</theme>