<!--
theme name:		tv
version:		1.0 Beta
author:			robertybob
website:		https://retropie.org.uk/forum/user/robertybob
license:		creative commons CC-BY-NC-SA
-->

<?xml version="1.0" encoding="UTF-8"?>
<theme>
  <formatVersion>4</formatVersion>

  <feature supported="carousel">
  <view name="system">
	 
		<image name="background" extra="true">
	    		<path>./art/sysbkandbasic.png</path>
			<size>1 1</size>
			<pos>0 0</pos>
			<origin>0.0 0.0</origin>
		</image>
		
    		<carousel name="systemcarousel">
      			<type>vertical</type>
      			<pos>0.006 0.005</pos>
      			<size>0.4 0.8000</size>
      			<color>FFFFFF00</color>
      			<logoScale>2</logoScale>
      			<logoSize>0.125 0.155</logoSize>
      			<maxLogoCount>3</maxLogoCount>
    		</carousel>

    		<text name="systemInfo">
      			<backgroundColor>00000000</backgroundColor>
      			<pos>0.119 0.730</pos>
	  		<color>000000</color>
      			<fontPath>./art/Grandma's Television.otf</fontPath>
      			<fontSize>0.02</fontSize>
    		</text>

        	<helpsystem name="help">
				<pos>0.003 0.930</pos>
				<textColor>f2f2f2</textColor>
				<iconColor>f2f2f2</iconColor>
				<fontPath>./art/OPENSANS.TTF</fontPath>
				<fontSize>0.039</fontSize>
       		</helpsystem>
  </view>
  </feature>	

    <view name="basic, detailed, video">

		<text name="md_lbl_rating, md_lbl_releasedate, md_lbl_developer, md_lbl_publisher, md_lbl_genre, md_lbl_players, md_lbl_lastplayed, md_lbl_playcount">
			<color>00000000</color>
			<forceUppercase>1</forceUppercase>
			<fontPath>./art/invisible.ttf</fontPath>
			<fontSize>0.02</fontSize>
			<size>0.18 0.05</size>
		</text>
		
		<text name="md_developer, md_publisher, md_genre, md_players, md_playcount">
			<color>00000000</color>
			<forceUppercase>1</forceUppercase>
			<fontPath>./art/invisible.ttf</fontPath>
			<fontSize>0.02</fontSize>
			<size>0.18 0.05</size>
		</text>
		
		<text name="md_description">
			<color>00000000</color>
			<forceUppercase>1</forceUppercase>
			<fontPath>./art/invisible.ttf</fontPath>
			<fontSize>0.02</fontSize>
		</text>
		
		<datetime name="md_releasedate, md_lastplayed">
			<color>00000000</color>
			<forceUppercase>1</forceUppercase>
			<fontPath>./art/invisible.ttf</fontPath>
			<fontSize>0.02</fontSize>
			<size>0 0.05</size>
		</datetime>

		<textlist name="gamelist">
		    	<selectorColor>ffffff00</selectorColor>
			<selectedColor>ffffff</selectedColor>
			<primaryColor>000000</primaryColor>
			<secondaryColor>800000</secondaryColor>
			<fontPath>./art/OPENSANS.TTF</fontPath>
			<fontSize>0.030</fontSize>
		</textlist>

	        <helpsystem name="help">
            		<pos>0.003 0.930</pos>
            		<textColor>f2f2f2</textColor>
            		<iconColor>f2f2f2</iconColor>
            		<fontPath>./art/OPENSANS.TTF</fontPath>
            		<fontSize>0.031</fontSize>
        	</helpsystem>	
	</view>

	<view name="basic">
		
		<textlist name="gamelist">
			<pos>-0.0100 0.00</pos>
			<size>0.480 0.84</size>
			<alignment>left</alignment>
			<horizontalMargin>0.01</horizontalMargin>
		</textlist>	
	
		<image name="background">
			<pos>0 0</pos>
			<origin>0 0</origin>
			<size>1 1</size>
			<path>./art/sysbkandbasic.png</path>
		</image> 		
	</view>

	<view name="detailed">
 
		<image name="md_image">
			<maxSize>0.170 0.229</maxSize>
			<pos>0.641 0.700</pos>
			<origin>0.641 0.700</origin>
		</image>
 
		<text name="md_description">
			<size>0.0 0.0</size>
			<pos>-1.00 -1.00</pos>
			<color>FFFFFF</color>
			<fontPath>./art/OPENSANS.TTF</fontPath>
			<fontSize>0.02</fontSize>
		</text>
		
		<textlist name="gamelist">
			<pos>-0.0100 0.00</pos>
			<size>0.480 0.84</size>
			<alignment>left</alignment>
			<horizontalMargin>0.01</horizontalMargin>
		</textlist>	
		
		<rating name="md_rating">
			<size>0.0 0.00</size>
			<pos>-1.990 -1.990</pos>
			<filledPath>./art/star.png</filledPath>
		</rating>

		<image name="background">
			<pos>0 0</pos>
			<origin>0 0</origin>
			<size>1 1</size>
			<path>./art/detailed background.png</path>
		</image> 		
	</view>

  <feature supported="video">
	<view name="video">
 
		<text name="md_description">
			<size>0.0 0.0</size>
			<pos>0.00 0.00</pos>
			<color>FFFFFF</color>
			<fontPath>./art/invisible.ttf</fontPath>
			<fontSize>0.02</fontSize>
		</text>
		
		<video name="md_video">
			<maxSize>0.240 0.360</maxSize>
			<pos>0.650 0.755</pos>
			<origin>0.650 0.755</origin>
			<zIndex>5</zIndex>
			<delay>0.0</delay>
			<showSnapshotNoVideo>false</showSnapshotNoVideo>
			<showSnapshotDelay>false</showSnapshotDelay>
		</video>

		<image name="background">
			<pos>0 0</pos>
			<origin>0 0</origin>
			<maxSize>1 1</maxSize>
			<path>./art/video background.png</path>
			<zIndex>6</zIndex>
		</image> 
		
		<image name="md_marquee">
			<maxSize>0.000 0.000</maxSize>
			<pos>-0.000 -0.000</pos>
			<origin>-0.0 -0.0</origin>
		</image>
	
		<textlist name="gamelist">
			<pos>-0.0100 0.00</pos>
			<size>0.480 0.84</size>
			<alignment>left</alignment>
			<horizontalMargin>0.01</horizontalMargin>
		</textlist>	
		
		<rating name="md_rating">
			<size>0.0 0.00</size>
			<pos>0.0 0.0</pos>
			<filledPath>./art/invisible.png</filledPath>
		</rating>

	</view>
  </feature>

</theme>
