<theme>
	<listPrimaryColor>000000</listPrimaryColor>
	<descColor>000000</descColor>
	<listSelectorColor>000080</listSelectorColor>
	<hideHeader />
	<hideDividers />
	<listLeftAlign />

        <component>
                <type>image</type>
                <path>./gb_art/gb_bg.png</path>
                <pos>0 0</pos>
                <dim>1 1</dim>
		<tiled />
        </component>

        <component>
                <type>image</type>
                <path>./gb_art/gb_divider.png</path>
                <pos>.5 .5</pos>
                <dim>.01 1</dim>
		<origin>.5 .5</origin>
		<useAlpha />
        </component>

        <component>
                <type>image</type>
                <path>./gb_art/gb_logo.png</path>
                <pos>.25 .07</pos>
                <dim>.28 0</dim>
		<origin>.5 .5</origin>
		<useAlpha />
        </component>
</theme>

<basicTheme>
	<listPrimaryColor>000000</listPrimaryColor>
	<listSecondaryColor>00008A</listSecondaryColor>
	<listSelectorColor>000080</listSelectorColor>
	<listSelectedColor>DDDDDD</listSelectedColor>
	<hideHeader />

	<component>
		<type>image</type>
		<path>./gb_art/gb_bg.png</path>
		<pos>0 0</pos>
		<dim>1 1</dim>
		<tiled />
	</component>

	<component>
		<type>image</type>
		<path>./gb_art/gb_logo.png</path>
		<pos>0.5 0</pos>
		<dim>0 0.15</dim>
		<origin>0.5 0</origin>
	</component>
</basicTheme>
