<theme>
	<formatVersion>4</formatVersion>
	<include>./../theme.xml</include>

	<view name="system, basic, detailed, video">
		<image name="logo">
			<path>./_inc/system.svg</path>
		</image>
	</view>

	<view name="detailed,video">
	  <text name="md_lbl_players,md_players,md_genre,md_releasedate,md_rating,md_lbl_lastplayed,md_lastplayed">
         <pos>1 1</pos>
      </text>
      <image name="md_lbl_lastplayed_slash,md_lbl_players_slash,md_releasedate_slash,md_genre_slash" extra="true">
         <pos>1 1</pos>
      </image>
      <text name="md_description">
         <pos>0.2015625 0.5888888888888889</pos>
      </text>
    </view>

</theme>